{
  "time_series": {
    "timestamps": [
      "10:29",
      "11:29",
      "12:29",
      "13:29",
      "14:29",
      "15:29",
      "16:29",
      "17:29",
      "18:29",
      "19:29",
      "20:29",
      "21:29",
      "22:29",
      "23:29",
      "00:29",
      "01:29",
      "02:29",
      "03:29",
      "04:29",
      "05:29",
      "06:29",
      "07:29",
      "08:29",
      "09:29"
    ],
    "metrics": {
      "response_time_p95": [
        99.52063250354988,
        99.68630429764306,
        100.42027428044912,
        104.24679470967492,
        84.2423619288353,
        105.89602224717287,
        96.36352408924688,
        102.56929198916616,
        106.89047458487981,
        91.93482937282144,
        94.36064307794886,
        104.15924222287184,
        90.35861108058471,
        83.34129942138561,
        105.1378913764739,
        106.68970477862784,
        87.44864479508628,
        98.48312678387303,
        98.08765632102457,
        109.34589888163504,
        108.3919940550585,
        95.2236135316001,
        92.82256039994617,
        96.72346853780653
      ],
      "error_rate": [
        0.0069241434817086354,
        0.004426899633240447,
        0.006369469000299763,
        0.00710419905132904,
        0.008542867844534716,
        0.0065510866932765085,
        0.007901365371210533,
        0.009118024392640697,
        0.006330411445938409,
        0.008173907791409675,
        0.00510264231720792,
        0.008364873302191132,
        0.005540320500616375,
        0.006683705502662779,
        0.010146645812684452,
        0.009066780899436837,
        0.005660301169849632,
        0.004992811291394649,
        0.004306930469372023,
        0.007796473518047527,
        0.008986221821967885,
        0.009372989358974657,
        0.006746988554017691,
        0.008336729175528225
      ],
      "throughput_rpm": [
        1069.0,
        1180.4166666666667,
        1414.8333333333333,
        1551.25,
        1175.6666666666667,
        1270.0833333333333,
        1436.5,
        1621.9166666666667,
        1633.3333333333333,
        1210.75,
        1268.1666666666667,
        1529.5833333333333,
        1517.0,
        1483.4166666666665,
        1485.8333333333335,
        1326.25,
        1694.6666666666665,
        1629.0833333333335,
        1408.5,
        1432.9166666666665,
        1422.3333333333335,
        1271.75,
        1560.1666666666665,
        1689.5833333333335
      ]
    }
  },
  "current_slo_status": {
    "response_time_compliance": 99.8,
    "error_rate_compliance": 99.9,
    "throughput_compliance": 100.0,
    "overall_compliance": 99.9
  },
  "targets": {
    "response_time_p95_ms": 100,
    "error_rate_percent": 1.0,
    "throughput_rpm": 1000
  }
}